round,client_id,input_norm,output_norm,threshold,scale,clipped
0,0,2.494159698486328,2.494159698486328,2.494159698486328,1.0,0
0,1,2.4803895950317383,2.4803895950317383,2.4803895950317383,1.0,0
0,2,3.7782185077667236,3.7782185077667236,3.7782185077667236,1.0,0
0,3,3.294943332672119,3.294943332672119,3.294943332672119,1.0,0
0,4,3.2953617572784424,3.2953617572784424,3.2953617572784424,1.0,0
0,5,3.498762369155884,3.498762369155884,3.498762369155884,1.0,0
0,6,4.3252129554748535,4.3252129554748535,4.3252129554748535,1.0,0
0,7,2.9967386722564697,2.9967386722564697,2.9967386722564697,1.0,0
0,8,4.292014122009277,4.292014122009277,4.292014122009277,1.0,0
0,9,3.5198843479156494,3.5198843479156494,3.5198843479156494,1.0,0
5,0,3.8482706546783447,2.5563547611236572,2.5563546324481865,0.6642866343134923,1
5,1,3.5207905769348145,2.5095410346984863,2.5095410547456956,0.7127777071260177,1
5,2,3.1919949054718018,3.1919949054718018,3.770100557944307,1.0,0
5,3,4.1589460372924805,3.287527084350586,3.287526940441561,0.7904712046927164,1
5,4,2.935676336288452,2.935676336288452,3.293464074842007,1.0,0
5,5,3.7908287048339844,3.5111472606658936,3.5111472882945987,0.926221555774481,1
5,6,3.483488082885742,3.483488082885742,4.3028316351953215,1.0,0
5,7,3.592711925506592,3.0137133598327637,3.0137135394398284,0.8388408039166162,1
5,8,4.865065574645996,4.29440975189209,4.294409472679247,0.8827033646313329,1
5,9,3.948847532272339,3.5312435626983643,3.531243465183742,0.8942466210302966,1
10,0,4.5587358474731445,2.62646222114563,2.626462495336295,0.5761382780275475,1
10,1,2.928900718688965,2.546307325363159,2.546307258882061,0.8693730412627089,1
10,2,4.3802103996276855,3.738039970397949,3.73803957266617,0.8533927892403707,1
10,3,4.7799072265625,3.2962138652801514,3.2962137325031455,0.6895978748212325,1
10,4,3.195840358734131,3.195840358734131,3.2965998212976024,1.0,0
10,5,4.459033489227295,3.507676362991333,3.507676263340322,0.7866449918946847,1
10,6,5.630389213562012,4.3030924797058105,4.303092468783955,0.7642619926418018,1
10,7,3.0981459617614746,3.0370349884033203,3.037034781066627,0.9802749857132589,1
10,8,5.400567531585693,4.313253402709961,4.313253755470922,0.7986666915066832,1
10,9,4.5651702880859375,3.551769256591797,3.5517694715517916,0.7780146264995003,1
15,0,6.883620738983154,2.7439005374908447,2.7439004800242834,0.398612974412093,1
15,1,4.437972545623779,2.596308708190918,2.5963086126241937,0.5850213541206108,1
15,2,3.7757883071899414,3.762118101119995,3.7621180012124897,0.9963795094010129,1
15,3,5.444314479827881,3.335944652557373,3.335944511944182,0.6127391547489809,1
15,4,4.545804500579834,3.3345155715942383,3.3345156818260233,0.7335369506473296,1
15,5,5.173198699951172,3.5521836280822754,3.5521837102396936,0.6866513030160244,1
15,6,7.979569435119629,4.387419700622559,4.3874195881477664,0.5498316339366226,1
15,7,4.04725456237793,3.0952646732330322,3.095265026915852,0.7647813166993963,1
15,8,6.5688347816467285,4.407144546508789,4.407144547668105,0.6709172468186162,1
15,9,4.4861369132995605,3.6061742305755615,3.606174289200867,0.8038484558696214,1
20,0,7.329665184020996,2.937026023864746,2.9370260054947384,0.4007039817135981,1
20,1,4.913960933685303,2.742410182952881,2.7424102886106922,0.5580854670930742,1
20,2,6.628182888031006,3.825450897216797,3.8254507593655163,0.577149267278773,1
20,3,5.811725616455078,3.4507334232330322,3.4507337201008945,0.5937536716225503,1
20,4,4.93208122253418,3.4045095443725586,3.4045096173489493,0.6902784830099106,1
20,5,5.270944595336914,3.6239681243896484,3.6239682965642723,0.6875367514952996,1
20,6,8.6282377243042,4.591812610626221,4.5918122516495075,0.5321842950260756,1
20,7,5.075839519500732,3.225538730621338,3.2255388326483536,0.6354690132005212,1
20,8,9.157370567321777,4.5814924240112305,4.581492355349572,0.5003065443655146,1
20,9,5.738821029663086,3.716001033782959,3.7160009731796197,0.6475199373835705,1
25,0,6.827777862548828,3.1206047534942627,3.120604779147929,0.4570454423555796,1
25,1,5.009122848510742,2.8914613723754883,2.891461543636589,0.577239061572456,1
25,2,6.321784019470215,3.9487617015838623,3.9487616369411,0.624627745810712,1
25,3,5.909060478210449,3.5601370334625244,3.560137293853508,0.6024878314565342,1
25,4,6.45574426651001,3.4957902431488037,3.4957900072802923,0.5415007315707436,1
25,5,6.888167858123779,3.732072114944458,3.732072149545087,0.5418091126427647,1
25,6,8.177929878234863,4.799971103668213,4.7999712219466755,0.5869420715434461,1
25,7,6.613444805145264,3.3316731452941895,3.3316731944630122,0.5037727301666064,1
25,8,7.707895755767822,4.861020088195801,4.861020389702115,0.6306546225094309,1
25,9,6.643856525421143,3.858398199081421,3.85839870781674,0.5807467672304745,1
30,0,8.480522155761719,3.287672996520996,3.287673032548921,0.387673416345871,1
30,1,5.302518844604492,3.0219573974609375,3.0219573771717623,0.5699097892949292,1
30,2,8.138190269470215,4.082737445831299,4.082737430009758,0.5016763322857379,1
30,3,8.729775428771973,3.6922388076782227,3.692238396502683,0.42294774221902454,1
30,4,5.714568614959717,3.6585693359375,3.6585689933148133,0.6402179381239769,1
30,5,7.098471641540527,3.8271028995513916,3.827102748879669,0.539144634621774,1
30,6,9.806771278381348,4.96891450881958,4.968915052059305,0.5066820024418599,1
30,7,8.014336585998535,3.5162360668182373,3.5162362194887944,0.43874324831343936,1
30,8,9.92136001586914,5.120884895324707,5.120885368304647,0.5161474724366307,1
30,9,9.904227256774902,4.07379150390625,4.0737914005566385,0.41131846011707857,1
35,0,8.110641479492188,3.495237350463867,3.4952371689008364,0.4309446249475579,1
35,1,7.589670181274414,3.178494691848755,3.1784951146961693,0.4187922025506305,1
35,2,6.7892842292785645,4.2348313331604,4.2348311729693675,0.6237522528365848,1
35,3,9.861573219299316,3.8999693393707275,3.8999696509823436,0.3954713160511146,1
35,4,4.376201629638672,3.7936928272247314,3.793692882271034,0.8668916901660136,1
35,5,8.793475151062012,3.99169659614563,3.9916963608976004,0.4539384631869395,1
35,6,13.003799438476562,5.276686668395996,5.276686182792743,0.4057803792930674,1
35,7,9.214048385620117,3.7241227626800537,3.7241230635674807,0.40417877211195213,1
35,8,13.428784370422363,5.478048324584961,5.478047831712168,0.4079333001020304,1
35,9,6.809838771820068,4.389993667602539,4.389994077490889,0.6446545674133815,1
40,0,8.531615257263184,3.7180070877075195,3.7180067956797194,0.43579169660074446,1
40,1,8.624382972717285,3.382200241088867,3.3822002852989215,0.39216721379236674,1
40,2,9.965535163879395,4.404266834259033,4.404266870588454,0.44194985636321166,1
40,3,10.76016616821289,4.207045555114746,4.207045967733247,0.3909833258470465,1
40,4,9.060853004455566,3.9891357421875,3.9891355898964393,0.44026050750695217,1
40,5,10.321239471435547,4.281391620635986,4.281391823994729,0.414813708419896,1
40,6,11.235835075378418,5.7140021324157715,5.714001683530311,0.5085516202473563,1
40,7,10.870523452758789,4.056577205657959,4.056577563391933,0.3731722049344786,1
40,8,19.377168655395508,5.934845447540283,5.93484590717452,0.30628032160352514,1
40,9,12.635481834411621,4.693260192871094,4.693260002011255,0.3714349998184805,1
45,0,6.246274471282959,3.9036777019500732,3.9036776586237014,0.624960961913714,1
45,1,5.941832065582275,3.6007964611053467,3.600796405848156,0.6060077803212843,1
45,2,11.791229248046875,4.672322750091553,4.672323362426492,0.396254084438693,1
45,3,12.713781356811523,4.483419418334961,4.483419310056892,0.3526424823982779,1
45,4,9.15578842163086,4.286661624908447,4.286662084395786,0.4681914246490302,1
45,5,13.015386581420898,4.607819080352783,4.607819160375916,0.35402859926806296,1
45,6,14.373371124267578,6.219346523284912,6.219346204497871,0.4326992234121298,1
45,7,7.498847484588623,4.325161457061768,4.325161200636143,0.5767768268324823,1
45,8,15.526326179504395,6.589296340942383,6.589295834139155,0.4243950735519531,1
45,9,14.78453254699707,5.0941081047058105,5.09410832394473,0.34455658902387754,1
50,0,6.474481582641602,3.9911673069000244,3.9911673304312694,0.6164458506763749,1
50,1,4.479763507843018,3.728111743927002,3.728111451566989,0.8322117311326704,1
50,2,8.260058403015137,4.920411586761475,4.920411100497458,0.5956872635386448,1
50,3,13.078962326049805,4.8245673179626465,4.824567222873739,0.3688799766900005,1
50,4,6.2530198097229,4.462575435638428,4.462574927547618,0.7136672474153228,1
50,5,10.215222358703613,4.996086120605469,4.996085841178767,0.48908246391217164,1
50,6,17.418243408203125,6.719584941864014,6.719584413924523,0.3857785647144777,1
50,7,8.9036226272583,4.485978126525879,4.485978158155313,0.5038374057759509,1
50,8,21.659090042114258,7.2057905197143555,7.2057907336277065,0.3326912860006265,1
50,9,11.660091400146484,5.556423664093018,5.556423812432495,0.47653345702103267,1
55,0,3.843712091445923,3.843712091445923,4.124489340882339,1.0,0
55,1,3.6043622493743896,3.6043622493743896,3.802553746964861,1.0,0
55,2,8.028340339660645,5.117694854736328,5.117694898191592,0.637453650221392,1
55,3,9.858169555664062,5.071911811828613,5.0719118092426365,0.5144881900427976,1
55,4,11.917590141296387,4.742226600646973,4.742226617942838,0.397918248943164,1
55,5,18.592130661010742,5.330793857574463,5.330794130495907,0.28672312790666776,1
55,6,18.635478973388672,7.24650764465332,7.246507856157463,0.388855454426542,1
55,7,11.196969985961914,4.70224142074585,4.7022415320952815,0.4199565977796883,1
55,8,19.363052368164062,8.027267456054688,8.027267361070086,0.4145662214523983,1
55,9,14.019150733947754,5.9173736572265625,5.917373615237097,0.42209216303648706,1
60,0,5.855904579162598,4.170435428619385,4.170435447654163,0.7121761244982177,1
60,1,5.9031982421875,3.8666412830352783,3.866641648189042,0.6550078659737587,1
60,2,13.28123950958252,5.2273850440979,5.2273854301406635,0.39359165538173607,1
60,3,10.011720657348633,5.355919361114502,5.355919260025194,0.5349649220569535,1
60,4,6.009648323059082,4.9586076736450195,4.958607846663957,0.8251077945141634,1
60,5,16.261680603027344,5.659334182739258,5.659333918912964,0.3480165624262533,1
60,6,22.4893798828125,7.892741680145264,7.892741329091273,0.35095417131431395,1
60,7,7.554064750671387,4.898942947387695,4.898943059778121,0.6485174682878233,1
60,8,19.3502197265625,8.72329330444336,8.7232930479572,0.45081107231401046,1
60,9,20.208223342895508,6.349884986877441,6.349885388455442,0.3142228230127828,1
65,0,2.232485055923462,2.232485055923462,4.21888248678393,1.0,0
65,1,8.548257827758789,3.9948041439056396,3.994804235698911,0.46732377806075265,1
65,2,4.068198204040527,4.068198204040527,5.414915819977003,1.0,0
65,3,8.411161422729492,5.727479457855225,5.727479093718315,0.6809380024948576,1
65,4,9.569207191467285,5.087490558624268,5.0874909145158655,0.5316522525670365,1
65,5,14.49075984954834,5.998109340667725,5.9981096138589685,0.41392648853087427,1
65,6,30.352449417114258,8.565403938293457,8.565403257816074,0.282198112599896,1
65,7,6.901525020599365,5.029712677001953,5.02971255369433,0.7287827924972365,1
65,8,23.634592056274414,9.437566757202148,9.437566465965741,0.39931159948651207,1
65,9,19.0206356048584,6.9851579666137695,6.985157490778654,0.36724103819272824,1
70,0,6.556439399719238,4.340931415557861,4.340931499561338,0.6620867136732401,1
70,1,3.1896328926086426,3.1896328926086426,4.061388297807883,1.0,0
70,2,10.658095359802246,5.652835845947266,5.65283541127966,0.5303795523604838,1
70,3,13.520308494567871,5.917675018310547,5.917674689145775,0.43768786937725007,1
70,4,16.45588493347168,5.522211074829102,5.522211024205467,0.33557667042243267,1
70,5,18.66143035888672,6.364550590515137,6.364550282307404,0.34105373854605353,1
70,6,15.038362503051758,9.044175148010254,9.044174837337204,0.6014069115686569,1
70,7,14.674532890319824,5.2489333152771,5.248933252848186,0.3576899758587615,1
70,8,39.98822021484375,10.485530853271484,10.48553047553273,0.26221549238591074,1
70,9,4.763700485229492,4.763700485229492,7.42076708933195,1.0,0
75,0,7.0183515548706055,4.416468620300293,4.416469345042785,0.6292743510739849,1
75,1,3.6115472316741943,3.6115472316741943,4.107194243791354,1.0,0
75,2,10.534784317016602,5.751688003540039,5.751687989006165,0.5459711210460632,1
75,3,6.248042583465576,6.219581604003906,6.219581520497883,0.995444816663544,1
75,4,4.432104110717773,4.432104110717773,5.750764931631576,1.0,0
75,5,17.4464168548584,6.8387908935546875,6.838791186446321,0.3919882776187508,1
75,6,14.624927520751953,9.675369262695312,9.675369367598796,0.661566988893894,1
75,7,5.9401021003723145,5.436448574066162,5.436448703771716,0.9152113014564877,1
75,8,35.638668060302734,11.723015785217285,11.723015490591044,0.3289409066966602,1
75,9,22.338502883911133,7.677145957946777,7.677145956774254,0.3436732532096451,1
80,0,5.236046314239502,4.415938377380371,4.415938575090558,0.8433726732651627,1
80,1,2.7555904388427734,2.7555904388427734,4.122403289608055,1.0,0
80,2,7.771925449371338,5.826711177825928,5.82671143029451,0.7497126954939132,1
80,3,11.836204528808594,6.298261642456055,6.298262012167584,0.5321183515481228,1
80,4,19.407690048217773,5.8916239738464355,5.891624576091965,0.3035716233724306,1
80,5,12.374265670776367,7.087771415710449,7.087770934575706,0.5727831941130256,1
80,6,22.654212951660156,10.185791015625,10.185790488446058,0.4496201672227399,1
80,7,12.363380432128906,5.508780002593994,5.50877967491093,0.4455723119445749,1
80,8,27.407573699951172,12.536977767944336,12.536977538545283,0.45742749450188186,1
80,9,10.36061954498291,8.160642623901367,8.1606426172064,0.7876597136368285,1
85,0,10.832322120666504,4.44317102432251,4.443170955783989,0.4101771508295144,1
85,1,6.1712141036987305,4.155207633972168,4.155207753468309,0.673320932339997,1
85,2,6.253502368927002,5.9995503425598145,5.999551059910636,0.9593904325312087,1
85,3,2.5765280723571777,2.5765280723571777,6.428298812153676,1.0,0
85,4,7.851934909820557,6.314269065856934,6.3142685762408854,0.804167270663383,1
85,5,7.721991062164307,7.289592266082764,7.2895918232278385,0.9440042350993928,1
85,6,13.896642684936523,10.938091278076172,10.938090594883244,0.7871031533344872,1
85,7,9.05755615234375,5.701643466949463,5.701643088115591,0.6294902698973712,1
85,8,35.67289733886719,13.717094421386719,13.717094458202725,0.3845242591619084,1
85,9,10.949654579162598,8.262655258178711,8.262654748673167,0.7546041930768028,1
90,0,6.406291484832764,4.6067633628845215,4.60676327228802,0.7190998682765651,1
90,1,2.5462522506713867,2.5462522506713867,4.252604493624443,1.0,0
90,2,1.8870477676391602,1.8870477676391602,6.095283389581311,1.0,0
90,3,11.739615440368652,6.565673828125,6.565673886755316,0.559275034303749,1
90,4,13.839789390563965,6.395450592041016,6.395450267623026,0.46210606329034637,1
90,5,13.927531242370605,7.428592205047607,7.428592287365536,0.533374657415824,1
90,6,19.30351448059082,11.048757553100586,11.048756829743484,0.5723702574580304,1
90,7,12.042154312133789,5.798980236053467,5.79898039972075,0.4815567120087773,1
90,8,23.761810302734375,14.389082908630371,14.389082712653805,0.6055549945609386,1
90,9,11.615167617797852,8.559378623962402,8.559379230087007,0.7369139133943206,1
95,0,8.464576721191406,4.676379203796387,4.676378817918392,0.5524646249692421,1
95,1,3.0898826122283936,3.0898826122283936,4.219144482588699,1.0,0
95,2,11.337800025939941,6.18810510635376,6.188104892394574,0.5457941657284386,1
95,3,7.3040642738342285,6.738595485687256,6.7385958588088775,0.9225816248396548,1
95,4,7.290339946746826,6.779789924621582,6.779790239403859,0.9299689690940863,1
95,5,9.066368103027344,7.591660499572754,7.591660152284784,0.8373430698272474,1
95,6,29.10642433166504,11.475725173950195,11.475725002238095,0.39426777549812914,1
95,7,12.389013290405273,5.92348051071167,5.923480376955645,0.4781236706961268,1
95,8,39.507774353027344,14.973175048828125,14.973175291105127,0.37899312968210225,1
95,9,13.157045364379883,8.665700912475586,8.665700940748133,0.6586357858076761,1
