round,stage,heterogeneity,norm_mean,norm_median,mean_vector_norm,norm_client_0,norm_client_1,norm_client_2,norm_client_3,norm_client_4,norm_client_5,norm_client_6,norm_client_7,norm_client_8,norm_client_9,cosine_mean,cosine_median,cosine_valid_pairs
0,raw_gradient,11.554071426391602,3.397568464279175,3.397062301635742,0.5969653129577637,2.4941599369049072,2.4803895950317383,3.7782185077667236,3.29494309425354,3.2953617572784424,3.498762607574463,4.325212478637695,2.9967386722564697,4.292014122009277,3.5198841094970703,-0.07759271562099457,-0.0923689752817154,45
0,clipped_gradient,11.554071426391602,3.397568464279175,3.397062301635742,0.5969653129577637,2.4941599369049072,2.4803895950317383,3.7782185077667236,3.29494309425354,3.2953617572784424,3.498762607574463,4.325212478637695,2.9967386722564697,4.292014122009277,3.5198841094970703,-0.07759271562099457,-0.0923689752817154,45
0,client_update,0.11554070562124252,0.33975687623023987,0.3397062420845032,0.05969653278589249,0.24941597878932953,0.24803896248340607,0.3778218626976013,0.32949432730674744,0.32953619956970215,0.3498762547969818,0.432521253824234,0.299673855304718,0.4292014539241791,0.35198843479156494,-0.07759271562099457,-0.0923689678311348,45
5,raw_gradient,13.778487205505371,3.733661651611328,3.691770076751709,0.6480011940002441,3.8482706546783447,3.5207905769348145,3.1919949054718018,4.1589460372924805,2.935676336288452,3.7908284664154053,3.483487844467163,3.5927116870880127,4.865065574645996,3.948847532272339,-0.08077417314052582,-0.08294656872749329,45
5,clipped_gradient,10.390820503234863,3.2315094470977783,3.2397608757019043,0.5473893880844116,2.5563547611236572,2.5095410346984863,3.1919949054718018,3.287527084350586,2.935676336288452,3.5111470222473145,3.483487844467163,3.0137135982513428,4.29440975189209,3.5312435626983643,-0.08077415823936462,-0.08294656872749329,45
5,client_update,2.1854913234710693,1.4783939123153687,1.4935585260391235,0.2369731217622757,1.1447885036468506,1.1339497566223145,1.558943510055542,1.3680212497711182,1.428173542022705,1.5794516801834106,1.7135287523269653,1.3224714994430542,1.9287245273590088,1.6058857440948486,-0.0851907804608345,-0.0948498547077179,45
10,raw_gradient,18.2808837890625,4.299689769744873,4.508884429931641,0.9994270205497742,4.5587358474731445,2.928900957107544,4.3802103996276855,4.7799072265625,3.195840358734131,4.459033489227295,5.630389213562012,3.0981459617614746,5.400567531585693,4.5651702880859375,-0.06129877269268036,-0.09673180431127548,45
10,clipped_gradient,11.367228507995605,3.411569356918335,3.401945114135742,0.7761616110801697,2.626462459564209,2.5463075637817383,3.738039970397949,3.2962138652801514,3.195840358734131,3.507676601409912,4.3030924797058105,3.037034749984741,4.313253879547119,3.551769256591797,-0.061298780143260956,-0.09673181176185608,45
10,client_update,4.588148593902588,2.1455564498901367,2.108452320098877,0.37887951731681824,1.6830850839614868,1.6320980787277222,2.158989667892456,1.9729877710342407,2.057915210723877,2.2121758460998535,2.6620466709136963,1.9524657726287842,2.7991058826446533,2.3246939182281494,-0.08229414373636246,-0.08838828653097153,45
15,raw_gradient,27.679723739624023,5.334249019622803,4.859501838684082,1.579077124595642,6.883620738983154,4.437972545623779,3.7757883071899414,5.444314479827881,4.545804500579834,5.17319917678833,7.979569435119629,4.04725456237793,6.5688347816467285,4.4861369132995605,-0.0408286415040493,-0.049136437475681305,45
15,clipped_gradient,11.569108009338379,3.4820973873138428,3.444064140319824,0.9410269856452942,2.7439005374908447,2.596308469772339,3.762118101119995,3.335944414138794,3.3345155715942383,3.5521836280822754,4.387419700622559,3.0952646732330322,4.407144546508789,3.6061742305755615,-0.0408286489546299,-0.0491364412009716,45
15,client_update,6.550914287567139,2.5772671699523926,2.5238394737243652,0.5293896794319153,2.037724733352661,1.9396570920944214,2.6499853134155273,2.4146008491516113,2.4583184719085693,2.5893607139587402,3.2552273273468018,2.32716703414917,3.3462860584259033,2.7543437480926514,-0.07394289970397949,-0.07209204137325287,45
20,raw_gradient,37.46616744995117,6.348682880401611,5.775272846221924,2.2367095947265625,7.329665184020996,4.913960933685303,6.628182888031006,5.81172513961792,4.93208122253418,5.270944118499756,8.628238677978516,5.075839519500732,9.157369613647461,5.738820552825928,-0.0008287072414532304,-0.02859780751168728,45
20,clipped_gradient,11.899388313293457,3.609894275665283,3.537350654602051,1.2126866579055786,2.937025785446167,2.742410182952881,3.825450897216797,3.4507334232330322,3.4045093059539795,3.6239678859710693,4.591812610626221,3.225538730621338,4.5814924240112305,3.71600079536438,-0.0008287111995741725,-0.028597811236977577,45
20,client_update,8.087491035461426,2.8937644958496094,2.8220109939575195,0.7281336784362793,2.3245017528533936,2.1836516857147217,3.0490214824676514,2.7202630043029785,2.6790428161621094,2.9237587451934814,3.6973674297332764,2.5611979961395264,3.7463176250457764,3.0525240898132324,-0.05479034036397934,-0.06510332971811295,45
25,raw_gradient,42.05669021606445,6.655478000640869,6.628650665283203,1.7122220993041992,6.827777862548828,5.009122848510742,6.321784019470215,5.909060001373291,6.45574426651001,6.888167381286621,8.177929878234863,6.613444805145264,7.707895755767822,6.643856525421143,-0.049259066581726074,-0.05720128118991852,45
25,clipped_gradient,13.4906005859375,3.759988784790039,3.646104574203491,1.0131851434707642,3.1206047534942627,2.8914616107940674,3.948761463165283,3.5601370334625244,3.4957902431488037,3.732072114944458,4.799970626831055,3.3316731452941895,4.861020088195801,3.858398675918579,-0.04925905913114548,-0.05720127373933792,45
25,client_update,9.613677024841309,3.1627585887908936,3.073058605194092,0.8247875571250916,2.5659546852111816,2.3945884704589844,3.3306562900543213,2.9677929878234863,2.9251179695129395,3.178323984146118,4.062373161315918,2.7986741065979004,4.099778652191162,3.304326295852661,-0.052426550537347794,-0.058470677584409714,45
30,raw_gradient,62.75747299194336,8.111074447631836,8.309356689453125,2.3425300121307373,8.480522155761719,5.30251932144165,8.138190269470215,8.729775428771973,5.714568614959717,7.098471641540527,9.806771278381348,8.014336585998535,9.921359062194824,9.904227256774902,-0.03099864348769188,-0.046525467187166214,45
30,clipped_gradient,14.439932823181152,3.9250106811523438,3.7596707344055176,1.1725267171859741,3.287672996520996,3.0219573974609375,4.082737445831299,3.6922385692596436,3.6585693359375,3.8271028995513916,4.968914985656738,3.5162360668182373,5.120884895324707,4.073791027069092,-0.03099864348769188,-0.04652545601129532,45
30,client_update,10.965060234069824,3.3867955207824707,3.253660202026367,0.9180741906166077,2.7733187675476074,2.5571417808532715,3.5421111583709717,3.1814658641815186,3.140193223953247,3.325854778289795,4.347850799560547,3.017921209335327,4.432603359222412,3.5494933128356934,-0.04808022454380989,-0.0426839180290699,45
35,raw_gradient,75.68109130859375,8.79773235321045,8.452058792114258,2.951266288757324,8.110642433166504,7.589670181274414,6.7892842292785645,9.861573219299316,4.376201629638672,8.793476104736328,13.003799438476562,9.214048385620117,13.42878532409668,6.809837818145752,-0.032396864145994186,-0.05054854229092598,45
35,clipped_gradient,16.166213989257812,4.14627742767334,3.945833206176758,1.2296444177627563,3.495237350463867,3.178494930267334,4.2348313331604,3.8999693393707275,3.7936928272247314,3.991696834564209,5.276686191558838,3.7241227626800537,5.478048324584961,4.389993667602539,-0.032396867871284485,-0.05054853856563568,45
35,client_update,12.275604248046875,3.595130205154419,3.433067798614502,1.0199196338653564,2.9876136779785156,2.716895818710327,3.7203197479248047,3.3577420711517334,3.2803142070770264,3.5083937644958496,4.6162543296813965,3.207467794418335,4.759680271148682,3.796621561050415,-0.041204385459423065,-0.04050157219171524,45
40,raw_gradient,119.9629135131836,11.138279914855957,10.540702819824219,3.6166512966156006,8.531615257263184,8.624382972717285,9.965535163879395,10.76016616821289,9.060853004455566,10.321239471435547,11.235835075378418,10.870523452758789,19.377166748046875,12.635482788085938,-0.022544581443071365,-0.01867241971194744,45
40,clipped_gradient,18.330774307250977,4.438073635101318,4.244218826293945,1.4017903804779053,3.7180068492889404,3.382200002670288,4.404266834259033,4.207045555114746,3.9891357421875,4.2813920974731445,5.7140021324157715,4.056577205657959,5.934845447540283,4.693260192871094,-0.022544585168361664,-0.01867242343723774,45
40,client_update,13.86156177520752,3.8253307342529297,3.657670021057129,1.1102423667907715,3.2061967849731445,2.896474599838257,3.843076467514038,3.6148061752319336,3.4162545204162598,3.7005341053009033,4.9434614181518555,3.4456119537353516,5.1237311363220215,4.0631585121154785,-0.03906605765223503,-0.05902211740612984,45
45,raw_gradient,124.1059799194336,11.104737281799316,12.2525053024292,3.3111820220947266,6.246274471282959,5.941832065582275,11.791228294372559,12.71378231048584,9.15578842163086,13.015386581420898,14.373372077941895,7.498847007751465,15.526327133178711,14.784531593322754,-0.03659818693995476,-0.03684059530496597,45
45,clipped_gradient,21.704181671142578,4.778260707855225,4.545619010925293,1.3949122428894043,3.9036777019500732,3.6007964611053467,4.672322750091553,4.483418941497803,4.286661624908447,4.607819557189941,6.219346046447754,4.325161457061768,6.589296340942383,5.0941081047058105,-0.03659818693995476,-0.03684058412909508,45
45,client_update,15.734664916992188,4.074517726898193,3.903317928314209,1.2091827392578125,3.340660572052002,3.010641574859619,4.053625106811523,3.8376293182373047,3.62496280670166,3.9690065383911133,5.316140174865723,3.6681201457977295,5.565523624420166,4.358870506286621,-0.03566059470176697,-0.06549296528100967,45
50,raw_gradient,129.26416015625,10.840255737304688,9.559422492980957,3.7393598556518555,6.474481105804443,4.479763507843018,8.260058403015137,13.078962326049805,6.253020286560059,10.215222358703613,17.418245315551758,8.9036226272583,21.65909194946289,11.660091400146484,-0.03223232924938202,-0.049642812460660934,45
50,clipped_gradient,24.662336349487305,5.089069366455078,4.872488975524902,1.5375723838806152,3.9911673069000244,3.728111743927002,4.920411109924316,4.8245673179626465,4.4625749588012695,4.996086120605469,6.719584941864014,4.485978126525879,7.205790996551514,5.556423664093018,-0.03223232924938202,-0.049642812460660934,45
50,client_update,17.682476043701172,4.313606262207031,4.166395664215088,1.3065547943115234,3.3488962650299072,3.185720920562744,4.234372615814209,4.11085844039917,3.7523345947265625,4.221932888031006,5.699502944946289,3.862211227416992,6.043918609619141,4.676313877105713,-0.03384222090244293,-0.0626591145992279,45
55,raw_gradient,163.6999969482422,11.905895233154297,11.557279586791992,2.9020206928253174,3.843712091445923,3.6043622493743896,8.028340339660645,9.858169555664062,11.917590141296387,18.592130661010742,18.63547706604004,11.196969985961914,19.363052368164062,14.01915168762207,-0.052494246512651443,-0.061904583126306534,45
55,clipped_gradient,28.681955337524414,5.360409259796143,5.0948028564453125,1.3357559442520142,3.843712091445923,3.6043622493743896,5.117694854736328,5.071911334991455,4.742226600646973,5.330793857574463,7.24650764465332,4.70224142074585,8.027267456054688,5.9173736572265625,-0.05249425023794174,-0.06190457567572594,45
55,client_update,20.164094924926758,4.54414701461792,4.364607334136963,1.2670707702636719,3.32863187789917,3.1109278202056885,4.40620756149292,4.323007106781006,3.942711114883423,4.5313286781311035,6.127155780792236,4.032505989074707,6.600761890411377,5.038234233856201,-0.04548816755414009,-0.056360166519880295,45
60,raw_gradient,185.13943481445312,12.692527770996094,11.646480560302734,3.7492456436157227,5.8559041023254395,5.903197765350342,13.28123950958252,10.011720657348633,6.009648323059082,16.261680603027344,22.489381790161133,7.5540642738342285,19.3502197265625,20.208223342895508,-0.04021499678492546,-0.06466619670391083,45
60,clipped_gradient,32.28811264038086,5.710318565368652,5.291652202606201,1.5748496055603027,4.170435428619385,3.8666412830352783,5.2273850440979,5.355919361114502,4.9586076736450195,5.659334182739258,7.892741680145264,4.898942947387695,8.72329330444336,6.349884986877441,-0.04021500423550606,-0.06466619670391083,45
60,client_update,22.744216918945312,4.797706127166748,4.477376937866211,1.3370411396026611,3.471069574356079,3.1834304332733154,4.481256008148193,4.473498344421387,4.103237152099609,4.821168422698975,6.64296817779541,4.173385143280029,7.234124660491943,5.392920970916748,-0.046795640140771866,-0.04882500693202019,45
65,raw_gradient,213.5469207763672,12.72292709350586,9.058732986450195,4.69806432723999,2.232485055923462,8.548258781433105,4.068198204040527,8.411161422729492,9.569207191467285,14.49075984954834,30.35245132446289,6.901525020599365,23.634592056274414,19.0206356048584,-0.013547479175031185,-0.02333972603082657,45
65,clipped_gradient,33.542274475097656,5.712640762329102,5.407485008239746,1.82368004322052,2.232485055923462,3.9948043823242188,4.068198204040527,5.727479457855225,5.087490558624268,5.998109340667725,8.565403938293457,5.029712677001953,9.437565803527832,6.985157489776611,-0.013547486625611782,-0.02333972230553627,45
65,client_update,25.332788467407227,4.9981818199157715,4.538337707519531,1.3847142457962036,3.0705456733703613,3.189396381378174,4.440573692321777,4.636101722717285,4.256755828857422,5.128715991973877,7.24888801574707,4.260583877563477,7.883141040802002,5.8671135902404785,-0.051348570734262466,-0.050792060792446136,45
70,raw_gradient,267.268310546875,14.350662231445312,14.097420692443848,5.993008136749268,6.556439399719238,3.1896328926086426,10.658095359802246,13.520308494567871,16.45588493347168,18.66143035888672,15.038362503051758,14.674532890319824,39.98822021484375,4.763700485229492,-0.019971570000052452,-0.018865128979086876,45
70,clipped_gradient,36.802284240722656,6.053017616271973,5.587523460388184,2.0238075256347656,4.340931415557861,3.1896328926086426,5.652835845947266,5.917675018310547,5.522211074829102,6.3645501136779785,9.044175148010254,5.2489333152771,10.485530853271484,4.763700485229492,-0.0199715718626976,-0.018865125253796577,45
70,client_update,28.395185470581055,5.184673309326172,4.672863006591797,1.2836638689041138,2.862381935119629,2.917886257171631,4.576241970062256,4.76948356628418,4.524733543395996,5.414532661437988,7.795716285705566,4.369905471801758,8.642341613769531,5.973508358001709,-0.06670115143060684,-0.07586215436458588,45
75,raw_gradient,233.82958984375,12.783345222473145,8.776567459106445,4.651259899139404,7.018351078033447,3.6115472316741943,10.534784317016602,6.248042583465576,4.432104110717773,17.446414947509766,14.62492847442627,5.9401021003723145,35.638668060302734,22.3385009765625,-0.047090355306863785,-0.02816586196422577,45
75,clipped_gradient,45.74491882324219,6.578216075897217,5.985634803771973,1.8114207983016968,4.416469097137451,3.6115472316741943,5.751687526702881,6.219581604003906,4.432104110717773,6.8387908935546875,9.675369262695312,5.436448574066162,11.723015785217285,7.677145957946777,-0.04709037393331528,-0.028165867552161217,45
75,client_update,30.288564682006836,5.3440680503845215,4.742751121520996,1.6424390077590942,2.816236972808838,2.9132702350616455,4.3492302894592285,5.136272430419922,4.287064075469971,5.776151657104492,8.266168594360352,3.966733455657959,9.61758804321289,6.311964511871338,-0.03665471076965332,-0.057165902107954025,45
80,raw_gradient,204.849365234375,13.216751098632812,12.09979248046875,4.9130353927612305,5.236046314239502,2.7555904388427734,7.771925449371338,11.836204528808594,19.407690048217773,12.374265670776367,22.654212951660156,12.363380432128906,27.407575607299805,10.36061954498291,0.050021786242723465,0.07495850324630737,45
80,clipped_gradient,48.758140563964844,6.866809368133545,6.094943046569824,2.3653268814086914,4.415938377380371,2.7555904388427734,5.826711177825928,6.298261642456055,5.8916239738464355,7.087771415710449,10.185791015625,5.508780002593994,12.536977767944336,8.160642623901367,0.050021786242723465,0.07495850324630737,45
80,client_update,32.56538391113281,5.379418849945068,4.754748821258545,1.6086674928665161,2.401803970336914,2.209813356399536,4.045523643493652,4.7896952629089355,4.719802379608154,5.927945613861084,8.649157524108887,3.90932559967041,10.462076187133789,6.679049968719482,-0.04616186395287514,-0.04076629877090454,45
85,raw_gradient,164.6096649169922,11.09842586517334,8.45474624633789,5.864810466766357,10.832322120666504,6.1712141036987305,6.253502368927002,2.5765280723571777,7.851935386657715,7.721991539001465,13.896642684936523,9.05755615234375,35.67290115356445,10.949654579162598,0.06395222246646881,0.027933383360505104,45
85,clipped_gradient,50.05672836303711,6.939779758453369,6.156909942626953,2.8401095867156982,4.44317102432251,4.155207633972168,5.999550819396973,2.5765280723571777,6.314269065856934,7.2895917892456055,10.938091278076172,5.701643466949463,13.717094421386719,8.262655258178711,0.06395222246646881,0.027933387085795403,45
85,client_update,35.46492385864258,5.63707160949707,4.766382217407227,1.9100959300994873,2.4313201904296875,2.594938039779663,4.1463422775268555,4.4916510581970215,5.041113376617432,5.9474287033081055,9.192765235900879,4.193600177764893,11.426407814025879,6.905148029327393,-0.022300325334072113,0.006906774360686541,45
90,raw_gradient,163.79624938964844,11.706917762756348,11.890884399414062,3.9195899963378906,6.406291484832764,2.5462520122528076,1.8870477676391602,11.739615440368652,13.839789390563965,13.927531242370605,19.30351448059082,12.042154312133789,23.761810302734375,11.615167617797852,-0.04960347339510918,-0.02672107145190239,45
90,clipped_gradient,55.793392181396484,6.922598361968994,6.480562210083008,2.2031450271606445,4.6067633628845215,2.5462520122528076,1.8870477676391602,6.565673828125,6.395450592041016,7.428592205047607,11.048757553100586,5.798980236053467,14.389081954956055,8.559378623962402,-0.049603480845689774,-0.026721078902482986,45
90,client_update,39.11819076538086,5.865584850311279,5.068206787109375,2.008453130722046,2.791322946548462,2.291747808456421,3.916740655899048,5.062986373901367,5.073426723480225,6.010806083679199,9.500476837158203,4.302553653717041,12.373103141784668,7.332686424255371,-0.024531621485948563,-0.03388471156358719,45
95,raw_gradient,256.0649108886719,14.071329116821289,10.202083587646484,7.5659403800964355,8.464576721191406,3.0898826122283936,11.337800025939941,7.30406379699707,7.290339946746826,9.066368103027344,29.106426239013672,12.389013290405273,39.507774353027344,13.157045364379883,0.10084894299507141,0.08818001300096512,45
95,clipped_gradient,55.709529876708984,7.6102495193481445,6.75919246673584,3.5733885765075684,4.676379203796387,3.0898826122283936,6.18810510635376,6.738595485687256,6.779789924621582,7.591660499572754,11.475725173950195,5.92348051071167,14.973174095153809,8.665700912475586,0.10084894299507141,0.08818002045154572,45
95,client_update,41.6099967956543,6.045331001281738,5.358089923858643,2.205270767211914,3.2523744106292725,1.866524338722229,4.246661186218262,5.3794732093811035,5.336706638336182,6.014794826507568,9.979092597961426,4.285396575927734,13.147945404052734,6.944342136383057,-0.010303177870810032,0.02775462530553341,45
